,address,location,AWB,names,product_id,lat,lng
0,"6, Shakambari Nagar, 1st stage, JP Nagar, Bangalore",JP Nagar,62201852038,Vickie Ramos,SKU_144,12.91345,77.57498
1,"1, 24th Main Rd, 1st Phase, Girinagar, KR Layout, Muneshwara T-Block, JP Nagar, Bangalore",JP Nagar,73350066683,Jon Hall,SKU_31,12.94022,77.53995
2,"954, 2nd Floor, 24th Main, 2nd Phase, Opposite LIC Building, JP Nagar, Bangalore",JP Nagar,60104333056,Linda Kurland,SKU_113,12.91275,77.58582
3,"1, 24th Main Rd, 1st Phase, Girinagar, KR Layout, Muneshwara T-Block, JP Nagar, Bangalore",JP Nagar,49726345575,Cora Massart,SKU_23,12.94022,77.53995
4,"67, 15th Cross, 6th B Main, JP Nagar, Bangalore",JP Nagar,33178947349,George Rivas,SKU_144,12.90662,77.59663
5,"281, 2nd Floor, 15th Cross, 5th Phase, JP Nagar, Bangalore",JP Nagar,76031744666,Anna Kelly,SKU_38,12.86796,77.58457
6,"Cross Roads Inn, 827, Near RV Dental College Compound, 24th Main, 12th Cross, JP Nagar, Bangalore",JP Nagar,81926175607,Virginia Sauer,SKU_109,12.90826,77.61137
7,"21, 24th Main Road, 6th Phase, JP Nagar, Bangalore",JP Nagar,27632908686,Jesse Chan,SKU_141,12.90206,77.58585
8,"99/4, Nataraja Layout, 7th Phase, JP Nagar, Bangalore",JP Nagar,66314622688,Johnny Runyan,SKU_134,12.89096,77.5834
9,"72, 2nd Floor, Next to Max & Crossword, 3rd Phase, Inner Ring Road, JP Nagar, Bangalore",JP Nagar,83288941747,Yvonne Haddad,SKU_58,12.98276,77.60712
10,"Eden Park7, 8 Doresani Palya, Near Kalyani Magnum, Opposite Oracle, 5th Phase, JP Nagar, Bangalore",JP Nagar,36774055970,Frank Garcia,SKU_16,12.90012,77.59566
11,"Amoolya, 1st Floor, 24th Main, 6th Phase, JP Nagar, Bangalore",JP Nagar,49180403091,Ronnie Cameron,SKU_9,12.89986,77.58587
12,"47/1, 9th Main,1st Cross, Miniforest, Phase 3, JP Nagar, Bangalore",JP Nagar,65307617155,Teresa Ford,SKU_59,12.91054,77.59913
13,"The HHI Select Bengaluru Hotel, 686, 15th Cross, Ring Road, 2nd Phase, JP Nagar, Bangalore",JP Nagar,32162999926,Miguel Evanoff,SKU_44,12.90641,77.59292
14,"Quality Inn - Shravanthi, 60, 13th Cross, 2nd Main, 3rd Phase, JP Nagar, Bangalore",JP Nagar,67841310375,Brenda Berry,SKU_103,12.90756,77.59837
15,"5th Cross Road, Dollar Layout, 3rd Phase, JP Nagar, Bangalore",JP Nagar,98072567575,Brian Glass,SKU_45,12.90445,77.59639
16,"57, 15th Cross Road, Outer Ring Road, Phase 6, JP Nagar, Bangalore",JP Nagar,81028594970,Daniel Moore,SKU_92,12.90611,77.59661
17,"97, Wilson Garden Housing Society, 7th Phase, JP Nagar, Bangalore",JP Nagar,72346908029,James Rego,SKU_13,12.88876,77.58247
18,"44-45, Terrace Floor, 24th Main Road, 7th phase, JP Nagar, Bangalore",JP Nagar,73908465584,Mildred Richards,SKU_98,12.8964,77.58617
19,"Amoolya, 1st Floor, 24th Main, 6th Phase, JP Nagar, Bangalore",JP Nagar,82980897770,Daren Devit,SKU_74,12.89986,77.58587
20,"8, 15th Main, 5th Phase, JP Nagar, Bangalore",JP Nagar,72031214940,Sarah Kardashian,SKU_138,12.87544,77.58334
21,"114, Kothanur Main Road, Santrupthi Nagar, 7th Phase, JP Nagar, Bangalore",JP Nagar,13346207178,Ryan Orlando,SKU_29,12.88557,77.58231
22,"Site 15, 15th Cross, 100 Feet Road, 4th Phase, JP Nagar, Bangalore",JP Nagar,66193906105,Gerard Cardin,SKU_96,12.90654,77.59849
23,"204, 4th Cross, KSRTC Layout, 2nd Phase, JP Nagar, Bangalore",JP Nagar,18834198685,Rebecca Vanos,SKU_56,12.89838,77.59681
24,"18, K.R Layout, Dollar Colony, 4th Phase, JP Nagar",JP Nagar,77357637627,Willie Matson,SKU_100,12.90258,77.59664
25,"Someshwara Bhavan, RBI Layout, 7th Phase, Kothnur Main Road, JP Nagar, Bangalore",JP Nagar,50570222462,Jason Taylor,SKU_95,12.89204,77.58057
26,"10/3, Shamanna Garden, 22nd Main Rd, Phase 5, JP Nagar, Bangalore",JP Nagar,86868052143,Mabel Covell,SKU_29,12.90281,77.58742
27,"296, Ground Floor, 5th Phase, 100 ft Outer Ring Road, JP Nagar, Bangalore",JP Nagar,60270106051,Martha Braun,SKU_103,12.92385,77.55291
28,"46/A, 1st Main, 3rd Phase, JP Nagar, Bangalore",JP Nagar,61686659900,James Riley,SKU_22,12.91118,77.59909
29,"Brigade Millenium Inside Indian Music Experience Museum, JP Nagar, Bangalore, Bengaluru",JP Nagar,69289578038,Elijah Reno,SKU_51,12.89186,77.58365
30,"81, 7th Main, 5th Cross, Bank of Baroda Colony, 7th Phase, JP Nagar, Bangalore",JP Nagar,71217404672,Lidia Wickham,SKU_58,12.89542,77.58466
31,"JP Nagar, Phase 7, Bangalore",JP Nagar,24549099395,Freda Beauchamp,SKU_40,12.88959,77.58371
32,"724, 3rd Floor, RBI Layout, Rini Pearl, Opposite E.K. Retail, 7th Phase, JP Nagar, Bangalore",JP Nagar,50581824353,Tim Sokol,SKU_125,12.88959,77.58371
33,"305, Anand NR Onyx, 15th Cross, 100 Feet Ring Road, 5th Phase Extension, JP Nagar, Bangalore",JP Nagar,52273090335,Antonio Oliver,SKU_7,12.91194,77.59952
34,"104/1, 21st Main Road, 6th Cross Road, R K Colony, JP Nagar 2nd Phase, Bangalore",JP Nagar,60730226124,Richard Book,SKU_147,12.91245,77.58785
35,"1260 SY 35/4 SJR Tower's, 24th Main Puttanhalli, 7th Phase, JP Nagar Bangalore",JP Nagar,38777880457,Karen Yuen,SKU_137,12.89687,77.58422
36,"1260 SY 35/4 SJR Tower's, 24th Main Puttanhalli, JP Nagar 7th Phase, Bangalore",JP Nagar,14876577908,John Fridley,SKU_21,12.89687,77.58422
37,"1260, SY 35/4, SJR Towers, 24th Main Puttanhalli, 7th Phase, JP Nagar, Bangalore",JP Nagar,15743308603,Louise Lynch,SKU_15,12.89689,77.58479
38,"1260 SY 35/4 SJR Tower's, JP Nagar 7th Phase, 24th Main Puttanhalli, JP Nagar, Bangalore",JP Nagar,96594637899,Sam Vest,SKU_83,12.89689,77.58479
39,"1260, SY 35/4, SJR Towers, 24th Main Puttanhalli, 7th Phase, JP Nagar, Bangalore",JP Nagar,75423501902,Doris Floyd,SKU_143,12.89689,77.58479
40,"5th A Cross, Lakshmi Complex, Manjunatha Colony, Near RV Dental College, 2nd phase, JP Nagar, Bangalore",JP Nagar,13385067871,Leticia Coleman,SKU_28,12.91276,77.58637
41,"#35/4, 24th main JP Nagar 7th phase, Puttenahalli, JP Nagar, Bangalore",JP Nagar,25281194232,Christine Pfeiff,SKU_117,12.90102,77.58603
42,"99/2A, Kothnoor Main Road, Opposite RBI Layout Bus Stop, 7th Phase, JP Nagar, Bangalore",JP Nagar,60615787248,William Rivera,SKU_77,12.88804,77.58199
43,"77/1, 24th Main, 2nd Phase, JP Nagar, Bangalore",JP Nagar,85830764356,John Dutton,SKU_144,12.91395,77.58573
44,"18th Cross road, 5th Phase, JP Nagar, Bangalore",JP Nagar,87207515803,Angela Cowman,SKU_59,12.90229,77.58998
45,"1260, SY 35/4, SJR Tower's, 7th Phase, 24th Main Puttanhalli, JP Nagar, Bangalore",JP Nagar,62376246282,Edward Leon,SKU_123,12.89687,77.58422
46,"1260 SY 35/4 SJR Tower's, JP Nagar 7th Phase, 24th Main Puttanhalli, JP Nagar, Bangalore",JP Nagar,34763837898,Michael Parenteau,SKU_141,12.89689,77.58479
47,"Shop 1, 129, 24th Main, 5th Phase, JP Nagar, Bangalore",JP Nagar,95782788535,Daniel Tremper,SKU_91,12.90023,77.58587
48,"311, 15th Cross, 5th Phase, JP Nagar, Bangalore",JP Nagar,92874070081,Thomas Lyons,SKU_18,12.90622,77.59315
49,"Big Bazzar Building, JP Nagar, Bangalore",JP Nagar,28090773455,Antoine Robertson,SKU_130,12.88729,77.5817
50,"15, 7th Cross, Near Mother Teresa School, ITI Layout, Hosapalya Main Road, HSR, Bangalore",HSR,65216540873,Nathan Merkel,SKU_65,12.89963,77.64903
51,"119/19, Ground Floor, 10th Cross, Venkateshwara Layout, SG Palya, HSR, Bangalore",HSR,30262250302,Jenna Reed,SKU_136,12.9319,77.60736
52,"1554, Ground Floor, 19th Main, Sector 1, HSR, Bangalore",HSR,95752660397,William Wilson,SKU_9,12.91586,77.64479
53,"7th Cross, Sector 1, HSR, Bangalore",HSR,30449400919,Bonnie Heath,SKU_91,12.91966,77.65186
54,"27th Main road, Sriven Teesta, Near Raymond?s Showroom HSR, Bangalore",HSR,52917061849,Katrina Hilderbrandt,SKU_8,12.91199,77.6518
55,"2331, 17th Cross, 24th Main, HSR, Bangalore",HSR,41474085570,Terresa Breau,SKU_70,12.9121,77.64958
56,"Shop 5, LNR Building, Harlur Road, HSR, Bangalore",HSR,74962568491,Carol Pettway,SKU_93,12.89757,77.65878
57,"64&65, 27th Main Road, Sector 1, HSR Layout",HSR,33783112676,Glennie Delacruz,SKU_106,12.9366,77.6148
58,"27th Main, Near NIFT, Sector-1, HSR, Bangalore",HSR,40837739535,Margie Galvan,SKU_76,12.91248,77.65201
59,"2318, 27th Main Road, 1st Sector, HSR, Bangalore",HSR,42498449819,Kenneth Baker,SKU_82,12.91232,77.65167
60,"569/4, Sector 1, HSR, Bangalore",HSR,14699928469,Lucille Keirstead,SKU_123,12.91576,77.64931
61,"1554, Ground Floor, 19th Main, Sector - 1, HSR, Bangalore",HSR,54163870135,Tara Allen,SKU_47,12.91586,77.64479
62,"2733, 16th Cross, 27th Main, Opposite NIFT, Sector 1, HSR Layout, Bangalore, HSR, Bangalore",HSR,98967476662,Marshall Quinton,SKU_142,12.91248,77.65201
63,"543, 7th Cross, 24th Main, Opposite Nous Info Systems, Sector 1, HSR, Bangalore",HSR,94332983235,Gustavo Bailey,SKU_117,12.91951,77.64992
64,"13th Cross, 24th Main, Opposite Assetz Apartment, 1st Sector, HSR, Bangalore",HSR,21104565365,Kathleen Cantrell,SKU_76,12.91575,77.64901
65,"7th Cross Road, Agara Village, 1st Sector, HSR, Bangalore",HSR,78472305957,Donald Allen,SKU_139,12.91967,77.65105
66,"680-669, 13th Cross Rd, 1st Sector, HSR Layout, Bengaluru, Karnataka",HSR,11910424508,Nanette Mcbride,SKU_89,12.91595,77.64929
67,"2724, 31st Main, 17th Cross, HSR, Bangalore",HSR,89394948450,David Webber,SKU_42,12.91279,77.6536
68,"1543, 7th Cross, 19th Main, 1st Sector, HSR, Bangalore",HSR,87898682349,Brian Isom,SKU_81,12.91967,77.65105
69,"1214, 17th Cross Road, Parangi Palaya, Sector 2, HSR Layout, Bangalore",HSR,71466613736,Ralph Martin,SKU_59,12.91182,77.64814
70,"Basement 2064, Siri Iris Building, 24th Main, N.R.T.A Enclave, HSR, Bangalore",HSR,58089927559,Dana Farley,SKU_89,12.91529,77.64891
71,"809/A, 27th Main, 100 Feet Road, 1st Sector, HSR, Bangalore",HSR,85539430303,Sherry Ludlam,SKU_50,12.92212,77.65145
72,"Building 2686, 31 Main, 13 Cross, Sector 1, Behind CPWD Quarters, HSR Layout, HSR, Bangalore",HSR,85984892588,Amber Smith,SKU_147,12.91571,77.65253
73,"191, Ground Floor, 27th Main Road, Near CPWD Quarters, Beside Lawrance & Mayo, Sector 2, HSR, Bangalore",HSR,53402748741,Juanita Pahulu,SKU_53,12.91571,77.65253
74,"2633, 27th Main, 13th Cross, 1st Sector, Liss Arcade, HSR, Bangalore",HSR,49002247401,Mary Davis,SKU_13,12.9215,77.65155
75,"1548, 19th Main, Outer Ring Road, Opposite BMTC Bus Depot, HSR, Bangalore",HSR,29805721561,Carma Haynie,SKU_41,12.98694,77.68995
76,"2733, 16th Cross, 27th Main Road, Oppsite, NIFT College, 1st Sector, HSR Layout, Bangalore",HSR,84618864102,Daniel Miller,SKU_119,12.91248,77.65201
77,"2610, 27th Main, Near NIFT, HSR Layout, HSR, Bangalore",HSR,50745703670,Christopher Porter,SKU_106,12.91248,77.65201
78,"1, 328, 27th Main, 21st Cross, Sector 2, HSR, Bangalore",HSR,89111417547,Larry Herndon,SKU_48,12.9088,77.65227
79,"49, Agara Circle, Near Hanuman Statue, HSR Layout, HSR, Bangalore",HSR,56766768595,Elaine Watson,SKU_19,12.92106,77.64797
80,"Opposite NIFT College, 2733, 16th Cross, 27th Main Road, PWD Quarters, 1st Sector, HSR Layout, HSR, Bangalore",HSR,85469796479,Theodore Bunch,SKU_38,12.91267,77.65219
81,"#2733, 16th Cross, 27th Main, Opppsite NIFT College, Sector 1, HSR, Bangalore",HSR,31316164825,Joe Worley,SKU_110,12.91271,77.65248
82,"Next to Grigliato, Sector 1 , HSR Layout, HSR, Bangalore",HSR,18227945733,Amber Johnson,SKU_55,12.91576,77.64931
83,"2606, Ground Floor, The Ambience Building, 16th Cross, 27th Main, Sector 1, HSR, Bangalore",HSR,94402524628,Howard Roman,SKU_85,12.9125,77.65184
84,"2802, 27th Main Road, Sector 1, HSR, Bangalore",HSR,46205581478,Benjamin Smith,SKU_103,12.91516,77.65178
85,"1562, Sector 1, HSR, Bangalore",HSR,22921695090,Charles Trembley,SKU_2,12.91576,77.64931
86,"2738, 27th Main, Sector 1, HSR, Bangalore",HSR,91311238475,Marissa Coram,SKU_28,12.91289,77.65177
87,"646, 12th Cross, 27th Main, Sector 1, HSR, Bangalore",HSR,89040589151,Iva Bell,SKU_20,12.91654,77.65169
88,"647, Ground Floor, 27th Main Road, Sector 1, HSR, Bangalore",HSR,96874607527,Frances Chai,SKU_110,12.9169,77.65171
89,"191, First Floor, 27th Main, Sector 2, HSR, Bangalore",HSR,17354068059,Clarence Fuller,SKU_69,12.90367,77.65015
90,"2317, 27th Main, Sector 1, Opposite NIFT College, HSR Layout, HSR, Bangalore",HSR,76687493477,Marvin Buck,SKU_73,12.91248,77.65201
91,"2628, 27th Main Road, 1st Sector, HSR Layout, Bangalore, HSR, Bangalore",HSR,50915970151,Milton Wilson,SKU_77,12.91466,77.65166
92,"1554, Ground Floor, 19th Main, Sector - 1, HSR, Bangalore",HSR,19365687734,Angela Hindman,SKU_34,12.91586,77.64479
93,"780, 12th Cross, 19th Main, HSR, Bangalore",HSR,20687322207,Carol Upchurch,SKU_10,12.91256,77.64464
94,"2606, The Ambience, 27th Main Road, 16th cross, HSR Layout",HSR,47082143365,Peggy Hwang,SKU_64,12.9169,77.65171
95,"331, Ground Floor, 27th Main, 2nd Stage, HSR, Bangalore",HSR,81727476606,William Sherman,SKU_146,12.91197,77.6141
96,"1548, 3rd Floor,19th Main Road, Sector 1, Agara Village, HSR, Bangalore",HSR,28764133976,Shana Davis,SKU_123,12.92183,77.64837
97,"Shop 339, 27th Main Road, HSR Layout Sector 2, Bangalore",HSR,66471762239,Jesus Rodriguez,SKU_106,12.90784,77.65174
98,"2610, 27th Main, Near NIFT, HSR Layout, HSR, Bangalore",HSR,28074155949,Thelma Howells,SKU_83,12.91248,77.65201
99,"1558, 19th Main, Ring Road, Near Indian Oil Petrol Bunk, Sector 1, HSR, Bangalore",HSR,39213602287,Raymond Huffman,SKU_50,13.02201,77.60075
100,"712, 6th Cross, 5th Main, Off 80 Feet Road, Indiranagar, Bangalore",Indiranagar,21225161006,Joanna Evetts,SKU_9,12.98241,77.64575
101,"14, 2nd Floor, Church Street, Bangalore",Indiranagar,15239382796,Virginia Cole,SKU_27,12.97459,77.60651
102,"First Floor, 14, Church Street, Bangalore",Indiranagar,99015056791,Normand Ashford,SKU_113,12.94458,77.62742
103,"36, Off MG Road, Church Street, Bangalore",Indiranagar,44759282449,Robert Olsen,SKU_83,12.95544,77.65491
104,"42, Church Street, Bangalore",Indiranagar,52059909281,Joyce Brothers,SKU_107,12.97538,77.60231
105,"19, Church Street, Bangalore",Indiranagar,73238382715,Raymond Hernandez,SKU_139,13.01031,77.6245
106,"33, High Gates Hotel, Church Street, Bangalore",Indiranagar,76893410434,George Garrett,SKU_10,12.97513,77.60325
107,"2, Church Street, Bangalore",Indiranagar,84366653069,Phyllis Ehlers,SKU_116,12.95616,77.65478
108,"46, Church Street, Bangalore",Indiranagar,41965274833,Ralph Evans,SKU_88,12.97566,77.60271
109,"9/3, Prestige Pearl House, Museum Road, Church Street, Bangalore",Indiranagar,40661403008,Shawn Reeves,SKU_23,12.97384,77.6033
110,"1A, Church Street, Bangalore",Indiranagar,59997033261,Lelia Wooten,SKU_114,12.97492,77.60549
111,"G-005, City Centre, 28/4, Church Street, Bangalore",Indiranagar,83381832974,Christopher Watters,SKU_106,12.97517,77.60409
112,"22, Amoeba Complex, Church Street, Bangalore",Indiranagar,98170732794,Twyla Nichols,SKU_1,12.97499,77.60491
113,Church Street,Indiranagar,69379883919,Joe Lawson,SKU_124,12.79093,77.75232
114,"24, Church Street, Bangalore",Indiranagar,70918939146,Mary Reed,SKU_127,12.97502,77.60475
115,"765, 1st Floor, 1st Main, Domlur Layout, Domlur, Bangalore",Indiranagar,81721151401,Scott Peabody,SKU_17,12.96036,77.63718
116,"8/ 9, 17th F Cross, 2nd Stage, Indiranagar, Bengaluru",Indiranagar,29925333677,Terry Mitchell,SKU_81,12.97823,77.63308
117,"Next to CMH Metro Station, CMH Road, Indiranagar, Bangalore",Indiranagar,46767096463,Thomas Viviano,SKU_146,12.97823,77.63838
118,"Ground Floor, Sri Shiva Sai Complex, 13th Cross, 7th Main, 2nd Stage, HAL, Off Double Road, Indiranagar, Bangalore",Indiranagar,92941598133,Joseph Boyd,SKU_129,12.97283,77.64054
119,"Domlur, Bangalore",Indiranagar,86841663173,George Douglas,SKU_17,12.94329,77.65602
120,"46, Church Street, Bangalore",Indiranagar,24472334890,Marjorie Williamson,SKU_91,12.97566,77.60271
121,"Shop 6, First Floor, Binnamangala First Stage, Indiranagar, Bangalore",Indiranagar,26105795180,Roger Bouldin,SKU_18,12.98413,77.64064
122,"970, 12th Main, 5th Cross, Indiranagar, Bangalore",Indiranagar,94667742985,Daniel Marrin,SKU_113,12.97,77.63892
123,"1088, 12th Main, HAL 2nd Stage, Off 100 Feet Road, Indiranagar, Bangalore",Indiranagar,38434272738,Trudy Moore,SKU_123,12.97172,77.64087
124,"181, 3rd Floor, Amar Jyothi Layout, Inner Ring Road, Domlur, Bangalore",Indiranagar,53198547414,Kathleen Thompson,SKU_110,12.95643,77.64146
125,"544, First Floor, Near Indiranagar Metro Station, CMH Road, Indiranagar, Bangalore",Indiranagar,38200322788,Michael Frasier,SKU_45,12.9785,77.63854
126,"212/A, 1st Main Road, Stage 2, Indiranagar, Bangalore",Indiranagar,47003637195,Marshall Parham,SKU_131,12.96544,77.63816
127,"598, 1st floor, 1st Cross, 1st A Main Road, Domlur Layout, Domlur, Bangalore",Indiranagar,89741372672,Sandra Downes,SKU_118,12.96008,77.63567
128,"598, 1st floor, 1st Cross, 1st A Main Road, Domlur Layout, 1st Stage, Domlur, Bangalore",Indiranagar,85725180680,Stanley Davis,SKU_72,12.96008,77.63567
129,"197/A, Double Road, 2nd Stage, Opposite HDFC Bank, Indiranagar, Bangalore",Indiranagar,70899793952,Gary Simmons,SKU_121,12.9778,77.63654
130,"G-005, City Centre, 28/4, Church Street, Bangalore",Indiranagar,61422999142,Aldo Edsall,SKU_45,12.97517,77.60409
131,"4, 39/1, St Mary's Building, 2nd Stage, Indiranagar, Bangalore",Indiranagar,55525210263,Mary Perez,SKU_55,12.97596,77.63594
132,"212/A, 1st Main Road, Stage 2, Indiranagar, Bangalore",Indiranagar,13337031353,Lawerence Lindsay,SKU_75,12.96544,77.63816
133,"48, Triumph Towers, Church Street, Bangalore",Indiranagar,73796529420,Jesse Suarez,SKU_98,12.97577,77.60183
134,"Srinivasan Towers, ESI Hospital Road, Off Double Road, Indiranagar, Bangalore",Indiranagar,55217454663,Joseph Jones,SKU_142,12.96803,77.63649
135,"Number 4 St Mary's Building, 39/1, 2nd Stage, Indiranagar, Bangalore",Indiranagar,38653109135,Samuel Sampley,SKU_148,12.97596,77.63594
136,"949, Ground Floor, HAL 2nd Stage, 12th Main, 100 feet Road, Indiranagar, Bangalore",Indiranagar,77604849495,Patricia Johnston,SKU_20,12.97024,77.63927
137,"50/1, Haridevpur, Shantala Nagar, Ashok Nagar, Church Street, Bangalore",Indiranagar,75568022308,Pam Trela,SKU_90,12.97475,77.60155
138,"1324, Double Road, 2nd Stage, Opposite Cauvery School, Indiranagar, Bangalore",Indiranagar,81655937477,Jose Williams,SKU_115,12.97626,77.63668
139,"1083, 12th main, 5th Cross, Indiranagar, Bangalore",Indiranagar,20550226542,Doria Ferguson,SKU_114,12.96999,77.63868
140,"949, 12th Main, Ground Floor, Off 100 Feet Road, Indiranagar, Bangalore",Indiranagar,62399381626,Harvey Tyner,SKU_91,12.97024,77.63927
141,"2nd Stage, Indiranagar, Bangalore",Indiranagar,91477551055,Thomas Lindquist,SKU_52,12.97596,77.63594
142,"3217, 13th Cross, Indiranagar, Bangalore",Indiranagar,66146763539,Shirlee Tennant,SKU_10,12.97324,77.63525
143,"12th Main, HAL 2nd Stage, ESI To Domlur, Service Road, Indiranagar, Bangalore",Indiranagar,84612864961,Shelia West,SKU_80,12.97019,77.64168
144,"12th Main Road Junction, Double Road, Indiranagar, Bangalore",Indiranagar,75506986031,Anna Bundy,SKU_86,12.97019,77.64168
145,"4, St Mary's Building, 2nd Stage, Indiranagar, Bangalore",Indiranagar,62280811516,Gertrude Frazier,SKU_70,12.97249,77.64116
146,"46/1, Cobalt Building, Church Street, Bangalore",Indiranagar,81065467193,Jeffrey Mekee,SKU_69,12.97566,77.60271
147,"39/7, 5th Cross, 6th Main, Appareddy Palya, Indiranagar, Bangalore",Indiranagar,79226518761,John Dennis,SKU_6,12.97394,77.63717
148,"949, 12th Main Rd, Appareddipalya, Indiranagar, Bengaluru, Karnataka",Indiranagar,65665446450,Mary Walton,SKU_61,12.97024,77.63927
149,"598, 1st Floor, 1st Cross, 1st A Main Road, Domlur Layout, 1st Stage, Domlur, Bangalore",Indiranagar,96249705883,Rosa Alvarez,SKU_18,12.96008,77.63567
150,"2/1 Unit 6, Hoodi Kodigehalli Road, Opposite Crystal Apartment, KR Puram, Bangalore",KR Puram,80856836359,Beverly Coleman,SKU_86,12.994,77.71764
151,"39, Aiyaapanagar Main Road, Near Krishna Community Hall, KR Puram, Bangalore",KR Puram,63269771781,Deanna Castille,SKU_43,13.00222,77.71234
152,"92, Kodigehalli Main Road, Ayyappa Nagar, KR Puram, Bangalore",KR Puram,81129879069,Virginia Hernandez,SKU_104,13.00461,77.7137
153,"Devasandra Main Road, Ayyappa Nagar, KR Puram, Bangalore",KR Puram,28529174781,Bryan Warthen,SKU_12,13.00431,77.71092
154,"92, Ground Floor, Muninanjappa Gardens, Kodigehalli Main Road, KR Puram, Bangalore",KR Puram,62724763094,Jacob Mccroy,SKU_67,13.06009,77.57659
155,"Coconut Garden Layout, Kodigehalli Main Road, KR Puram, Bangalore",KR Puram,62644046092,Sherry Cole,SKU_69,12.88951,77.60268
156,"21/28, Radhakrishna Nilaya, Opp SEA Institutions, Ayappa Nagar, KR Puram, Bangalore",KR Puram,17432534499,Verna White,SKU_132,13.00222,77.71234
157,"2/1 Unit 6, Hoodi Kodigehalli Road, Opposite Crystal Apartment, KR Puram, Bangalore",KR Puram,84273793675,James Horne,SKU_150,12.994,77.71764
158,"7, Anurhh Arcade, Hoodi Road, Kodigehalli Road, KR Puram, Bangalore",KR Puram,60381594139,Marlon Leonard,SKU_91,12.99667,77.71772
159,"76, Shruthi Layout, Basavanapura Main Road, KR Puram, Bangalore",KR Puram,61354798733,Matthew Bass,SKU_97,13.01195,77.70989
160,"7, Anurhh Arcade, Hoodi Road, Kodigehalli Road, KR Puram, Bangalore",KR Puram,60559333974,Romelia Phillips,SKU_12,12.99667,77.71772
161,"Shop 2, Kodigahalli Main Road, KR Puram",KR Puram,89948676925,James Carlen,SKU_73,12.9969,77.7179
162,"2/1 Unit 6, Hoodi Kodigehalli Road, Opposite Crystal Apartment, KR Puram, Bangalore",KR Puram,44140764186,Abraham Rehkop,SKU_142,12.994,77.71764
163,"44, Kodigehalli to Hoodi Main Road, Mahadevapura Post, KR Puram, Bangalore",KR Puram,34795550625,Diana Gerry,SKU_136,13.00427,77.71057
164,"7, Anurhh Arcade, Hoodi Road, Kodigehalli Road, KR Puram, Bangalore",KR Puram,81037487822,Carl Luskey,SKU_143,12.99667,77.71772
165,"2/1 Unit 6, Hoodi Kodigehalli Road, Opposite Crystal Apartment, KR Puram, Bangalore",KR Puram,47626343441,Virginia Hartzler,SKU_36,12.994,77.71764
166,"Shop 2, Kodigahalli Main Road, KR Puram",KR Puram,84014569034,Peggy Heisler,SKU_116,12.9969,77.7179
167,"7, Anurhh Arcade, Hoodi Road, Kodigehalli Road, KR Puram, Bangalore",KR Puram,15145909184,Tiffany Coker,SKU_70,12.99667,77.71772
168,"Near Bank Of India ATM, Ramka Colony, Bilekahalli, Marathahalli, Bangalore",MTH,35496906287,Jessica Blakely,SKU_41,12.90319,77.60287
169,"Near Bank Of India ATM, Ramka Colony, Bilekahalli, Marathahalli, Bangalore",MTH,47772983315,Larry Solomon,SKU_24,12.90319,77.60287
170,"595, Ground Floor, Kundalahalli, Varthur Hobli Mahadevpura, Marathahalli, Bangalore",MTH,25842170396,Jon Villanueva,SKU_79,12.9583,77.66626
171,"20/7, Swamy Legato, Outer Ring Road, Kadubeesanahalli, Marathahalli, Bangalore",MTH,60147650973,Richard Wheeless,SKU_68,12.9391,77.69522
172,"20\5, Panathur Junction, Outer Ring Road, Kadubeessanahalli, Marathahalli, Bangalore",MTH,84961010116,John Kessler,SKU_8,12.9391,77.69522
173,"20/5, 1st Floor, Panathur Junction, Outer Ring Road, Marathahalli, Bangalore",MTH,19783328541,Anthony Torres,SKU_67,12.9391,77.69522
174,"Ibis Bengaluru, Opposite RMZ Ecospace Business Park, Sarjapur Outer Ring Road, Marathahalli, Bangalore",MTH,22195593543,Robert Michaud,SKU_33,12.92826,77.68217
175,"10/3, Devarabeesanahali, Outer Ring Road, Opposite Embassy Tech Park, Marathahalli, Bangalore",MTH,86439214657,Lola Lomago,SKU_66,12.98694,77.68995
176,"Shop 37, 3rd Cross, Outer Ring Road, Kadubisnahalli, Marathahalli, Bangalore",MTH,48712626536,Gary Nelson,SKU_7,12.90688,77.59936
177,"2nd Floor, All Season Super Market Building, Panathur Road, Kadubeesanahalli, Panathur, Marathahalli, Bangalore",MTH,79263517463,Willie Kirkwood,SKU_127,12.93717,77.70247
178,Best Of Bengal,MTH,32519389307,Diane Jones,SKU_91,12.93999,77.6958
179,"89/1, Tulasi Theater Road, Near SBR Palace, Marathahalli, Bangalore",MTH,98486281871,Terry Sanabria,SKU_150,12.9502,77.69731
180,"20/5, Narayanswamy Building, Kadubeesanahalli Bridge, Outer Ring Road, Kadubeesanahalli, Marathahalli, Bangalore",MTH,48552195740,Barbara Capehart,SKU_42,12.9391,77.69522
181,"90/4, Above Sony Centre, Opposite Park Plaza, Outer Ring Road, Marathahalli, Bangalore",MTH,51656603551,Patrick Gilliam,SKU_55,12.94976,77.69973
182,"Kadubeesanahalli, Near Aricent Technologies, Marathahalli, Bangalore",MTH,19455702296,John Granderson,SKU_140,12.93813,77.69375
183,"94/2, Panathur Railway Station Road, Opp to JP Morgan (Outer Ring Road), Munnireddy Layout, Panathur, Bangalore",MTH,98312518779,Patricia Haislip,SKU_120,12.94243,77.69733
184,"89/1, Service Road, Marathahalli, Bangalore",MTH,55026656606,Carolyn Buchan,SKU_139,12.94934,77.69912
185,"88, KBR Complex, More Mega Store, Marathahalli, Bangalore",MTH,73406214406,Jane Jones,SKU_148,12.94816,77.69874
186,"Panathur Main Road, Kadubeesanahalli, Marathahalli, Bangalore",MTH,47015403024,Anita Valdez,SKU_112,12.93789,77.69993
187,"127, Kadubisannhalli, Panathur Main Road, Marathahalli, Bangalore",MTH,45180804640,Carrie Lumpkin,SKU_77,12.93872,77.69695
188,"Ground Floor, Vims Hospital Buidling, Opposite to More, Marathahalli, Bangalore",MTH,31203804545,Katie Kochevar,SKU_61,12.95669,77.70214
189,"77 Town Center, Yemalur Road, Marathahalli Village, Marathahalli, Bangalore",MTH,66199582549,Rose Lau,SKU_79,12.92416,77.67284
190,"Near Madurai Idly, SGR Dental College Road, CKB Layout, Chandra Layout, Marathahalli, Bengalore",MTH,16213830807,Adam Shelquist,SKU_127,12.94996,77.70065
191,"Ground Floor, More Megastore, Service Road, Marathahalli, Bangalore",MTH,13002857017,Ivan Kinley,SKU_62,12.95669,77.70678
192,"88, Outer Ring Road, Next To More Mega Store, Marathahalli, Bangalore",MTH,15691083877,Kevin Schneider,SKU_97,12.98954,77.68899
193,"88, 1st Floor, VIMS Hospital Building, Outer Ring Road, Marathahalli, Bangalore",MTH,62758300340,Mary Duffy,SKU_90,12.98694,77.68995
194,"Ikon Building, Next to Sony Centre, Outer Ring Road, Marathahalli",MTH,54016008457,James Allen,SKU_102,12.95669,77.70214
195,"3, Srinivasa Nilayam, Vidya Vikas School Road, Panathur New Extension, Kaverappa Layout, Marathahalli, Bangalore",MTH,43727711975,Ricky Aschenbrenner,SKU_68,12.95208,77.70877
196,"First Floor, Raja Ikon, Opposite Hotel Radisson Blu, Near Marathahali Bridge, Marathahalli, Bangalore",MTH,24526739732,Marie Harris,SKU_129,12.95669,77.70214
197,"Shop 217, 2nd main road, Kadubeesanahalli Croma, Back Side road Near Kumbeshwara Temple Marathahalli, Bangalore",MTH,72580152196,Patrick Payne,SKU_90,12.93492,77.70165
198,"88, 3rd Floor, KBR Mall, Above More Mega Store, Outer Ring Road, Marathahalli, Bangalore",MTH,34889886477,Emma Saulsberry,SKU_113,12.98843,77.68917
199,"Near Madurai Idly, SGR Dental College Road, CKB Layout, Chandra Layout, Marathahalli, Bengalore",MTH,65188908427,Mary Paongo,SKU_48,12.94996,77.70065
200,"1st Floor, NTR Royal Plaza, Outer Ring Road, Marathahalli, Bangalore",MTH,18924249557,Charles Albrecht,SKU_10,12.95415,77.70002
201,"20/5, Outer Ring Road, Kadubeesanahalli, Marathahalli, Bangalore",MTH,49862610786,Naomi Daniels,SKU_89,12.9391,77.69522
202,"Kadubeesanahalli, Marathahalli Outer Ring Road, Opposite JP Morgan, Varthur Hobli, Marathahalli, Bangalore",MTH,56516948976,Robert Clarke,SKU_63,12.94224,77.69674
203,"Yemalur, Marathahalli, Bangalore",MTH,12358732625,Annie Farrior,SKU_139,12.93946,77.68955
204,"20\5, Panathur Junction, Outer Ring Road, Kadubeessanahalli, Marathahalli, Bangalore",MTH,22660986194,Delores Dupont,SKU_149,12.9391,77.69522
205,"Outer Ring Road, Opposite to JP Morgan, Kodbisanhalli, Marathahalli, Bangalore",MTH,25907907008,Frank Lester,SKU_103,12.95748,77.701
206,"Shop 7, 8 Opposite, Airtel Express, Panathur Main Road, Marathahalli, Bangalore",MTH,61450912280,Tommy Mason,SKU_129,12.93789,77.69993
207,"Srinivasa Nilayam, Site 3, Vidya Vikas School Road, Panathur New Extension, Kaverappa Layout, Marathahalli, Bangalore",MTH,60841023934,Bobbie Scarborough,SKU_3,12.95208,77.70877
208,"Salarpuria Sattva Aura, Kiosk 6, Foodworks Food Court, Block 11, Marathahalli - Sarjapur Outer Ring Road, Kaverappa Layout, Kadubeesanahalli, Marathahalli, Bangalore",MTH,35828962763,Jesse Vaness,SKU_25,12.93776,77.69394
209,"23/4, Kariyammana Agrahara Road Kadubisinahalli, Prestige Tech Park Back Gate, Marathahalli, Bangalore",MTH,87093968225,Russell Diamond,SKU_69,12.94265,77.69692
210,"Plot 302, Shop 1, 2nd Cross, Kadubesanahalli, Panathur Main Road, Marathahalli, Bangalore",MTH,71791751983,Dorothy Davis,SKU_44,12.93666,77.70436
211,"6,Opposite Prestige Tech Park, Kadubeesanhalli Bus Stop, Marathahalli, Bangalore",MTH,75026092650,Herman Boulds,SKU_100,12.94265,77.69692
212,"18, Prakruthi Enclave, Panathur Road, Kadubeesanahalli, Marathahalli, Bangalore",MTH,41891691354,Catherine Wilson,SKU_78,12.93946,77.695
213,"Shop 217, 2nd Main Road Kadubeesanahalli Croma Back Side Road Near Kumbeshwara Temple Marathahalli, Bangalore",MTH,49695767650,Mary Compton,SKU_53,12.93492,77.70165
214,"77 Town, Building No 3, Divya Shree Building, Yamalur Post, Marathahalli, Bangalore",MTH,62165843566,Aaron Davis,SKU_5,12.94802,77.69003
215,"Near kaka singh dhaba, RMZ eco world backgate",MTH,70987447117,Holly Sallee,SKU_104,12.92602,77.68581
216,"41, Kadubeesanahalli, Marathahalli, Bangalore",MTH,17162566322,Tracy Vanhoy,SKU_87,12.92957,77.68366
217,"5, KBR Mall Complex, Ground Floor, More Mega Store, Varthur Hobli, Marathahalli, Bangalore",MTH,32184021928,Harry Heishman,SKU_138,12.95657,77.69657
